{"musicVolume":0.1233920305967331,"soundVolume":0.8656592965126038}